{
  "experiment_name": "all_except_relu",
  "best_accuracy": 85.5,
  "best_epoch": 98,
  "total_epochs": 100,
  "total_time_seconds": 7340.602489709854,
  "device": "cuda",
  "amp_enabled": true,
  "learning_rate_policy": {
    "max_lr": 0.001,
    "warmup_pct": 0.3
  },
  "model_config": {
    "active_branches": [
      "gabor",
      "legendre",
      "chebyshev",
      "hermite",
      "fourier"
    ],
    "use_residual": true,
    "residual_every_n": 1,
    "per_branch_norm": true,
    "branch_gates": true,
    "start_degrees": {
      "legendre": 0,
      "chebyshev": 2,
      "hermite": 2
    },
    "use_cnn": true,
    "regression": false,
    "heteroscedastic": false,
    "num_blocks": 3
  },
  "parameter_counts": {
    "total": 1161192,
    "trainable": 1161192,
    "cnn": 126720,
    "blocks": 992155,
    "output_head": 650
  },
  "gate_summary": {
    "initial_branch_gates": {
      "epoch": 0,
      "gates": {
        "0": {
          "gabor": 0.7981388568878174,
          "legendre": 0.9130152463912964,
          "chebyshev": 0.9130152463912964,
          "hermite": 0.9130152463912964,
          "fourier": 0.9130152463912964
        },
        "1": {
          "gabor": 0.7981388568878174,
          "legendre": 0.9130152463912964,
          "chebyshev": 0.9130152463912964,
          "hermite": 0.9130152463912964,
          "fourier": 0.9130152463912964
        },
        "2": {
          "gabor": 0.7981388568878174,
          "legendre": 0.9130152463912964,
          "chebyshev": 0.9130152463912964,
          "hermite": 0.9130152463912964,
          "fourier": 0.9130152463912964
        }
      }
    },
    "final_branch_gates": {
      "epoch": 100,
      "gates": {
        "0": {
          "gabor": 1.4402573108673096,
          "legendre": 0.11905516684055328,
          "chebyshev": 0.08089002221822739,
          "hermite": 0.3927432894706726,
          "fourier": 0.20950520038604736
        },
        "1": {
          "gabor": 0.2579417824745178,
          "legendre": 0.0792909786105156,
          "chebyshev": 0.04808174818754196,
          "hermite": 0.2370263934135437,
          "fourier": 0.061942629516124725
        },
        "2": {
          "gabor": 0.821639895439148,
          "legendre": 0.5550758838653564,
          "chebyshev": 0.6062812805175781,
          "hermite": 0.8243775367736816,
          "fourier": 0.7144474983215332
        }
      }
    },
    "initial_residual_gates": {
      "epoch": 0,
      "gates": {
        "residual_gate_0": 0.5249791741371155,
        "residual_gate_1": 0.5249791741371155,
        "residual_gate_2": 0.5249791741371155
      }
    },
    "final_residual_gates": {
      "epoch": 100,
      "gates": {
        "residual_gate_0": 0.72060626745224,
        "residual_gate_1": 0.08982710540294647,
        "residual_gate_2": 0.18131788074970245
      }
    },
    "num_recordings": 22
  }
}