{
  "branch_gates": [
    {
      "epoch": 0,
      "gates": {
        "0": {
          "gabor": 0.7981388568878174,
          "legendre": 0.9130152463912964,
          "chebyshev": 0.9130152463912964,
          "hermite": 0.9130152463912964,
          "fourier": 0.9130152463912964,
          "relu": 0.9740769863128662
        },
        "1": {
          "gabor": 0.7981388568878174,
          "legendre": 0.9130152463912964,
          "chebyshev": 0.9130152463912964,
          "hermite": 0.9130152463912964,
          "fourier": 0.9130152463912964,
          "relu": 0.9740769863128662
        },
        "2": {
          "gabor": 0.7981388568878174,
          "legendre": 0.9130152463912964,
          "chebyshev": 0.9130152463912964,
          "hermite": 0.9130152463912964,
          "fourier": 0.9130152463912964,
          "relu": 0.9740769863128662
        }
      }
    },
    {
      "epoch": 5,
      "gates": {
        "0": {
          "gabor": 0.9908014535903931,
          "legendre": 0.7153975963592529,
          "chebyshev": 0.6182689666748047,
          "hermite": 0.711749792098999,
          "fourier": 0.7673518061637878,
          "relu": 0.8335889577865601
        },
        "1": {
          "gabor": 0.7883285880088806,
          "legendre": 0.7574018836021423,
          "chebyshev": 0.7601893544197083,
          "hermite": 0.7796913385391235,
          "fourier": 0.7704648971557617,
          "relu": 0.9595036506652832
        },
        "2": {
          "gabor": 0.7858853936195374,
          "legendre": 0.8738899827003479,
          "chebyshev": 0.8476980328559875,
          "hermite": 0.9188011288642883,
          "fourier": 0.9093446135520935,
          "relu": 0.9723999500274658
        }
      }
    },
    {
      "epoch": 10,
      "gates": {
        "0": {
          "gabor": 0.9953876733779907,
          "legendre": 0.6654704809188843,
          "chebyshev": 0.5599465370178223,
          "hermite": 0.6564584374427795,
          "fourier": 0.733528733253479,
          "relu": 0.7807300090789795
        },
        "1": {
          "gabor": 0.7724080681800842,
          "legendre": 0.7161146402359009,
          "chebyshev": 0.7296218276023865,
          "hermite": 0.7702596187591553,
          "fourier": 0.731225311756134,
          "relu": 0.9504622220993042
        },
        "2": {
          "gabor": 0.7854698300361633,
          "legendre": 0.8625941872596741,
          "chebyshev": 0.8142998218536377,
          "hermite": 0.9186813831329346,
          "fourier": 0.9063125252723694,
          "relu": 0.9696592092514038
        }
      }
    },
    {
      "epoch": 10,
      "gates": {
        "0": {
          "gabor": 0.9953876733779907,
          "legendre": 0.6654704809188843,
          "chebyshev": 0.5599465370178223,
          "hermite": 0.6564584374427795,
          "fourier": 0.733528733253479,
          "relu": 0.7807300090789795
        },
        "1": {
          "gabor": 0.7724080681800842,
          "legendre": 0.7161146402359009,
          "chebyshev": 0.7296218276023865,
          "hermite": 0.7702596187591553,
          "fourier": 0.731225311756134,
          "relu": 0.9504622220993042
        },
        "2": {
          "gabor": 0.7854698300361633,
          "legendre": 0.8625941872596741,
          "chebyshev": 0.8142998218536377,
          "hermite": 0.9186813831329346,
          "fourier": 0.9063125252723694,
          "relu": 0.9696592092514038
        }
      }
    }
  ],
  "residual_gates": [
    {
      "epoch": 0,
      "gates": {
        "residual_gate_0": 0.5249791741371155,
        "residual_gate_1": 0.5249791741371155,
        "residual_gate_2": 0.5249791741371155
      }
    },
    {
      "epoch": 5,
      "gates": {
        "residual_gate_0": 0.5370057225227356,
        "residual_gate_1": 0.5203596353530884,
        "residual_gate_2": 0.49592119455337524
      }
    },
    {
      "epoch": 10,
      "gates": {
        "residual_gate_0": 0.5439140796661377,
        "residual_gate_1": 0.5073645710945129,
        "residual_gate_2": 0.47667941451072693
      }
    },
    {
      "epoch": 10,
      "gates": {
        "residual_gate_0": 0.5439140796661377,
        "residual_gate_1": 0.5073645710945129,
        "residual_gate_2": 0.47667941451072693
      }
    }
  ]
}