{
  "timestamp": "2025-12-18T21:59:21.381095",
  "results": {
    "ecg_signal": {
      "relu": {
        "train_r2": 0.24350388844807944,
        "test_r2": -0.486851970354716
      },
      "fourier": {
        "train_r2": 0.9085476795832316,
        "test_r2": -1.4562711715698242
      },
      "gabor": {
        "train_r2": 0.69477379322052,
        "test_r2": -2.3411211570103965
      },
      "polynomial": {
        "train_r2": 0.5535802245140076,
        "test_r2": -0.21184539794921875
      },
      "relu+fourier": {
        "train_r2": 0.9078671733538309,
        "test_r2": -24.51472322146098
      },
      "all": {
        "train_r2": 0.8850586215655009,
        "test_r2": -8.271613041559855
      }
    },
    "audio_signal": {
      "relu": {
        "train_r2": 0.2767419417699178,
        "test_r2": -16.44890292485555
      },
      "fourier": {
        "train_r2": 0.9706897934277853,
        "test_r2": -1.3122845490773518
      },
      "gabor": {
        "train_r2": 0.9698555072148641,
        "test_r2": -2.461896459261576
      },
      "polynomial": {
        "train_r2": 0.9915890494982401,
        "test_r2": -4.316648880640666
      },
      "relu+fourier": {
        "train_r2": 0.9743637243906657,
        "test_r2": -1.0452951987584431
      },
      "all": {
        "train_r2": 0.9938327272733053,
        "test_r2": -3.8012600342432656
      }
    },
    "time_series": {
      "relu": {
        "train_r2": 0.9609569907188416,
        "test_r2": -4.852408727010091
      },
      "fourier": {
        "train_r2": 0.9952572385470072,
        "test_r2": -3.9219852685928345
      },
      "gabor": {
        "train_r2": 0.9970270792643229,
        "test_r2": -0.9644466638565063
      },
      "polynomial": {
        "train_r2": 0.9820930560429891,
        "test_r2": -2.7473013401031494
      },
      "relu+fourier": {
        "train_r2": 0.9952891866366068,
        "test_r2": -2.048370917638143
      },
      "all": {
        "train_r2": 0.9973177512486776,
        "test_r2": -1.640193223953247
      }
    },
    "ood_extrapolation": {
      "sine": {
        "relu": {
          "train_r2": 0.9987907012303671,
          "test_r2": 0.8145628372828165
        },
        "fourier": {
          "train_r2": 0.9993456602096558,
          "test_r2": 0.7714835007985433
        },
        "gabor": {
          "train_r2": 0.9998092651367188,
          "test_r2": 0.09350679318110149
        },
        "polynomial": {
          "train_r2": 0.9998074968655905,
          "test_r2": 0.761170228322347
        },
        "relu+fourier": {
          "train_r2": 0.9996425112088522,
          "test_r2": 0.8522117733955383
        },
        "all": {
          "train_r2": 0.9998599688212076,
          "test_r2": 0.8281247615814209
        }
      },
      "polynomial": {
        "relu": {
          "train_r2": 0.9238763451576233,
          "test_r2": 0.40846826632817584
        },
        "fourier": {
          "train_r2": 0.9997719923655192,
          "test_r2": 0.18574047088623047
        },
        "gabor": {
          "train_r2": 0.9998490413029989,
          "test_r2": -0.07797129948933919
        },
        "polynomial": {
          "train_r2": 0.9999532302220663,
          "test_r2": 0.11844585339228313
        },
        "relu+fourier": {
          "train_r2": 0.9998934467633566,
          "test_r2": 0.3620280822118123
        },
        "all": {
          "train_r2": 0.9999740123748779,
          "test_r2": 0.2761107087135315
        }
      },
      "gaussian": {
        "relu": {
          "train_r2": 0.9997617403666178,
          "test_r2": 0.9646127223968506
        },
        "fourier": {
          "train_r2": 0.9999048709869385,
          "test_r2": 0.9971244931221008
        },
        "gabor": {
          "train_r2": 0.9997435212135315,
          "test_r2": 0.6392857631047567
        },
        "polynomial": {
          "train_r2": 0.9999450445175171,
          "test_r2": 0.9414928952852885
        },
        "relu+fourier": {
          "train_r2": 0.9998337825139364,
          "test_r2": 0.9877094427744547
        },
        "all": {
          "train_r2": 0.9999590516090393,
          "test_r2": 0.9039405385653178
        }
      }
    }
  }
}