{
  "branch_gates": [
    {
      "epoch": 0,
      "gates": {
        "0": {
          "gabor": 0.7981388568878174,
          "legendre": 0.9130152463912964,
          "chebyshev": 0.9130152463912964,
          "hermite": 0.9130152463912964,
          "fourier": 0.9130152463912964,
          "relu": 0.9740769863128662
        },
        "1": {
          "gabor": 0.7981388568878174,
          "legendre": 0.9130152463912964,
          "chebyshev": 0.9130152463912964,
          "hermite": 0.9130152463912964,
          "fourier": 0.9130152463912964,
          "relu": 0.9740769863128662
        },
        "2": {
          "gabor": 0.7981388568878174,
          "legendre": 0.9130152463912964,
          "chebyshev": 0.9130152463912964,
          "hermite": 0.9130152463912964,
          "fourier": 0.9130152463912964,
          "relu": 0.9740769863128662
        }
      }
    },
    {
      "epoch": 5,
      "gates": {
        "0": {
          "gabor": 1.0257455110549927,
          "legendre": 0.6934335827827454,
          "chebyshev": 0.5994836688041687,
          "hermite": 0.786043107509613,
          "fourier": 0.7592239379882812,
          "relu": 0.8591791391372681
        },
        "1": {
          "gabor": 0.6637254357337952,
          "legendre": 0.7399671077728271,
          "chebyshev": 0.7956686615943909,
          "hermite": 0.6818689107894897,
          "fourier": 0.8179559707641602,
          "relu": 0.9420269727706909
        },
        "2": {
          "gabor": 0.787810206413269,
          "legendre": 0.905142605304718,
          "chebyshev": 0.8834010362625122,
          "hermite": 0.914206862449646,
          "fourier": 0.911058247089386,
          "relu": 1.0069830417633057
        }
      }
    },
    {
      "epoch": 10,
      "gates": {
        "0": {
          "gabor": 1.060390591621399,
          "legendre": 0.6594640016555786,
          "chebyshev": 0.5400575399398804,
          "hermite": 0.7681768536567688,
          "fourier": 0.7468142509460449,
          "relu": 0.8064780831336975
        },
        "1": {
          "gabor": 0.6307750940322876,
          "legendre": 0.6899598240852356,
          "chebyshev": 0.7556473612785339,
          "hermite": 0.6103652715682983,
          "fourier": 0.7778799533843994,
          "relu": 0.9657593369483948
        },
        "2": {
          "gabor": 0.7568092346191406,
          "legendre": 0.8872188329696655,
          "chebyshev": 0.8413792848587036,
          "hermite": 0.881026029586792,
          "fourier": 0.9111096262931824,
          "relu": 1.007859230041504
        }
      }
    },
    {
      "epoch": 10,
      "gates": {
        "0": {
          "gabor": 1.060390591621399,
          "legendre": 0.6594640016555786,
          "chebyshev": 0.5400575399398804,
          "hermite": 0.7681768536567688,
          "fourier": 0.7468142509460449,
          "relu": 0.8064780831336975
        },
        "1": {
          "gabor": 0.6307750940322876,
          "legendre": 0.6899598240852356,
          "chebyshev": 0.7556473612785339,
          "hermite": 0.6103652715682983,
          "fourier": 0.7778799533843994,
          "relu": 0.9657593369483948
        },
        "2": {
          "gabor": 0.7568092346191406,
          "legendre": 0.8872188329696655,
          "chebyshev": 0.8413792848587036,
          "hermite": 0.881026029586792,
          "fourier": 0.9111096262931824,
          "relu": 1.007859230041504
        }
      }
    }
  ],
  "residual_gates": [
    {
      "epoch": 0,
      "gates": {}
    },
    {
      "epoch": 5,
      "gates": {}
    },
    {
      "epoch": 10,
      "gates": {}
    },
    {
      "epoch": 10,
      "gates": {}
    }
  ]
}