{
  "experiment_name": "all_no_residual",
  "best_accuracy": 99.36,
  "best_epoch": 10,
  "total_epochs": 10,
  "total_time_seconds": 623.4036593437195,
  "device": "cuda",
  "amp_enabled": true,
  "learning_rate_policy": {
    "max_lr": 0.0008,
    "warmup_pct": 0.45
  },
  "model_config": {
    "active_branches": [
      "gabor",
      "legendre",
      "chebyshev",
      "hermite",
      "fourier",
      "relu"
    ],
    "use_residual": false,
    "residual_every_n": 1,
    "per_branch_norm": true,
    "branch_gates": true,
    "start_degrees": {
      "legendre": 0,
      "chebyshev": 2,
      "hermite": 2
    },
    "use_cnn": true,
    "regression": false,
    "heteroscedastic": false,
    "num_blocks": 3
  },
  "parameter_counts": {
    "total": 1314216,
    "trainable": 1314216,
    "cnn": 126144,
    "blocks": 1186910,
    "output_head": 650
  },
  "gate_summary": {
    "initial_branch_gates": {
      "epoch": 0,
      "gates": {
        "0": {
          "gabor": 0.7981388568878174,
          "legendre": 0.9130152463912964,
          "chebyshev": 0.9130152463912964,
          "hermite": 0.9130152463912964,
          "fourier": 0.9130152463912964,
          "relu": 0.9740769863128662
        },
        "1": {
          "gabor": 0.7981388568878174,
          "legendre": 0.9130152463912964,
          "chebyshev": 0.9130152463912964,
          "hermite": 0.9130152463912964,
          "fourier": 0.9130152463912964,
          "relu": 0.9740769863128662
        },
        "2": {
          "gabor": 0.7981388568878174,
          "legendre": 0.9130152463912964,
          "chebyshev": 0.9130152463912964,
          "hermite": 0.9130152463912964,
          "fourier": 0.9130152463912964,
          "relu": 0.9740769863128662
        }
      }
    },
    "final_branch_gates": {
      "epoch": 10,
      "gates": {
        "0": {
          "gabor": 1.060390591621399,
          "legendre": 0.6594640016555786,
          "chebyshev": 0.5400575399398804,
          "hermite": 0.7681768536567688,
          "fourier": 0.7468142509460449,
          "relu": 0.8064780831336975
        },
        "1": {
          "gabor": 0.6307750940322876,
          "legendre": 0.6899598240852356,
          "chebyshev": 0.7556473612785339,
          "hermite": 0.6103652715682983,
          "fourier": 0.7778799533843994,
          "relu": 0.9657593369483948
        },
        "2": {
          "gabor": 0.7568092346191406,
          "legendre": 0.8872188329696655,
          "chebyshev": 0.8413792848587036,
          "hermite": 0.881026029586792,
          "fourier": 0.9111096262931824,
          "relu": 1.007859230041504
        }
      }
    },
    "initial_residual_gates": {
      "epoch": 0,
      "gates": {}
    },
    "final_residual_gates": {
      "epoch": 10,
      "gates": {}
    },
    "num_recordings": 4
  }
}