{
  "experiment_name": "all_except_fourier",
  "best_accuracy": 85.39,
  "best_epoch": 96,
  "total_epochs": 100,
  "total_time_seconds": 6565.499582529068,
  "device": "cuda",
  "amp_enabled": true,
  "learning_rate_policy": {
    "max_lr": 0.001,
    "warmup_pct": 0.3
  },
  "model_config": {
    "active_branches": [
      "gabor",
      "legendre",
      "chebyshev",
      "hermite",
      "relu"
    ],
    "use_residual": true,
    "residual_every_n": 1,
    "per_branch_norm": true,
    "branch_gates": true,
    "start_degrees": {
      "legendre": 0,
      "chebyshev": 2,
      "hermite": 2
    },
    "use_cnn": true,
    "regression": false,
    "heteroscedastic": false,
    "num_blocks": 3
  },
  "parameter_counts": {
    "total": 1257381,
    "trainable": 1257381,
    "cnn": 126720,
    "blocks": 1088344,
    "output_head": 650
  },
  "gate_summary": {
    "initial_branch_gates": {
      "epoch": 0,
      "gates": {
        "0": {
          "gabor": 0.7981388568878174,
          "legendre": 0.9130152463912964,
          "chebyshev": 0.9130152463912964,
          "hermite": 0.9130152463912964,
          "relu": 0.9740769863128662
        },
        "1": {
          "gabor": 0.7981388568878174,
          "legendre": 0.9130152463912964,
          "chebyshev": 0.9130152463912964,
          "hermite": 0.9130152463912964,
          "relu": 0.9740769863128662
        },
        "2": {
          "gabor": 0.7981388568878174,
          "legendre": 0.9130152463912964,
          "chebyshev": 0.9130152463912964,
          "hermite": 0.9130152463912964,
          "relu": 0.9740769863128662
        }
      }
    },
    "final_branch_gates": {
      "epoch": 100,
      "gates": {
        "0": {
          "gabor": 0.6997957825660706,
          "legendre": 0.134931281208992,
          "chebyshev": 0.03190388157963753,
          "hermite": 0.12308631837368011,
          "relu": 0.1685802936553955
        },
        "1": {
          "gabor": 0.6300101280212402,
          "legendre": 0.09806875139474869,
          "chebyshev": 0.0655875876545906,
          "hermite": 0.2059171050786972,
          "relu": 1.0094009637832642
        },
        "2": {
          "gabor": 0.7636902332305908,
          "legendre": 0.6348199248313904,
          "chebyshev": 0.7143362760543823,
          "hermite": 0.861987292766571,
          "relu": 0.7736138105392456
        }
      }
    },
    "initial_residual_gates": {
      "epoch": 0,
      "gates": {
        "residual_gate_0": 0.5249791741371155,
        "residual_gate_1": 0.5249791741371155,
        "residual_gate_2": 0.5249791741371155
      }
    },
    "final_residual_gates": {
      "epoch": 100,
      "gates": {
        "residual_gate_0": 0.7356001138687134,
        "residual_gate_1": 0.17557400465011597,
        "residual_gate_2": 0.19393488764762878
      }
    },
    "num_recordings": 22
  }
}