{
  "dataset": "cifar10",
  "variant_name": "all_except_gabor",
  "branches": [
    "legendre",
    "chebyshev",
    "hermite",
    "fourier",
    "relu"
  ],
  "use_residual": true,
  "best_accuracy": 85.76,
  "best_epoch": 98,
  "total_epochs": 100,
  "elapsed_time": 6870.172897100449,
  "parameters": 735656,
  "gate_summary": {
    "initial_branch_gates": {
      "epoch": 0,
      "gates": {
        "0": {
          "legendre": 0.9130152463912964,
          "chebyshev": 0.9130152463912964,
          "hermite": 0.9130152463912964,
          "fourier": 0.9130152463912964,
          "relu": 0.9740769863128662
        },
        "1": {
          "legendre": 0.9130152463912964,
          "chebyshev": 0.9130152463912964,
          "hermite": 0.9130152463912964,
          "fourier": 0.9130152463912964,
          "relu": 0.9740769863128662
        },
        "2": {
          "legendre": 0.9130152463912964,
          "chebyshev": 0.9130152463912964,
          "hermite": 0.9130152463912964,
          "fourier": 0.9130152463912964,
          "relu": 0.9740769863128662
        }
      }
    },
    "final_branch_gates": {
      "epoch": 100,
      "gates": {
        "0": {
          "legendre": 0.11210784316062927,
          "chebyshev": 0.015243010595440865,
          "hermite": 0.06555475294589996,
          "fourier": 0.16551008820533752,
          "relu": 0.3207341432571411
        },
        "1": {
          "legendre": 0.10926620662212372,
          "chebyshev": 0.11276020854711533,
          "hermite": 0.3755258619785309,
          "fourier": 0.2543739080429077,
          "relu": 0.9782388210296631
        },
        "2": {
          "legendre": 0.5532872676849365,
          "chebyshev": 0.565326988697052,
          "hermite": 0.8700791597366333,
          "fourier": 0.5126191973686218,
          "relu": 0.7354263067245483
        }
      }
    },
    "initial_residual_gates": {
      "epoch": 0,
      "gates": {
        "residual_gate_0": 0.5249791741371155,
        "residual_gate_1": 0.5249791741371155,
        "residual_gate_2": 0.5249791741371155
      }
    },
    "final_residual_gates": {
      "epoch": 100,
      "gates": {
        "residual_gate_0": 0.8963680267333984,
        "residual_gate_1": 0.286981463432312,
        "residual_gate_2": 0.23363445699214935
      }
    },
    "num_recordings": 22
  }
}