{
  "dataset": "cifar10",
  "variant_name": "all_except_hermite",
  "branches": [
    "gabor",
    "legendre",
    "chebyshev",
    "fourier",
    "relu"
  ],
  "use_residual": true,
  "best_accuracy": 85.44,
  "best_epoch": 94,
  "total_epochs": 100,
  "elapsed_time": 6773.497775316238,
  "parameters": 1265893,
  "gate_summary": {
    "initial_branch_gates": {
      "epoch": 0,
      "gates": {
        "0": {
          "gabor": 0.7981388568878174,
          "legendre": 0.9130152463912964,
          "chebyshev": 0.9130152463912964,
          "fourier": 0.9130152463912964,
          "relu": 0.9740769863128662
        },
        "1": {
          "gabor": 0.7981388568878174,
          "legendre": 0.9130152463912964,
          "chebyshev": 0.9130152463912964,
          "fourier": 0.9130152463912964,
          "relu": 0.9740769863128662
        },
        "2": {
          "gabor": 0.7981388568878174,
          "legendre": 0.9130152463912964,
          "chebyshev": 0.9130152463912964,
          "fourier": 0.9130152463912964,
          "relu": 0.9740769863128662
        }
      }
    },
    "final_branch_gates": {
      "epoch": 100,
      "gates": {
        "0": {
          "gabor": 0.7135529518127441,
          "legendre": 0.08729780465364456,
          "chebyshev": 0.01894734613597393,
          "fourier": 0.14871053397655487,
          "relu": 0.1838255077600479
        },
        "1": {
          "gabor": 0.6673576235771179,
          "legendre": 0.0883217453956604,
          "chebyshev": 0.07298016548156738,
          "fourier": 0.11741963028907776,
          "relu": 0.9925631284713745
        },
        "2": {
          "gabor": 0.696662425994873,
          "legendre": 0.5518295168876648,
          "chebyshev": 0.6143311262130737,
          "fourier": 0.5518191456794739,
          "relu": 0.8110586404800415
        }
      }
    },
    "initial_residual_gates": {
      "epoch": 0,
      "gates": {
        "residual_gate_0": 0.5249791741371155,
        "residual_gate_1": 0.5249791741371155,
        "residual_gate_2": 0.5249791741371155
      }
    },
    "final_residual_gates": {
      "epoch": 100,
      "gates": {
        "residual_gate_0": 0.7648913860321045,
        "residual_gate_1": 0.19996193051338196,
        "residual_gate_2": 0.23208211362361908
      }
    },
    "num_recordings": 22
  }
}